[{"id":"YTsUJwb9Ag0","title":"\u266c K\u1eb8O B\u00d4NG G\u00d2N - H2K x Trunky ( VisconC x Nguy\u1ec5n Chi\u1ebfn Remix ) | Nh\u1ea1c K\u1eb9o B\u00f4ng G\u00f2n Remix Hay Nh\u1ea5t","date":"26\/12\/2025"},{"id":"yO5xkFovXMY","title":"Nh\u1ea1c Thi\u1ec1n Ph\u1eadt Gi\u00e1o - B\u00e1t Nh\u00e3 Di\u1ec7u T\u00e2m | An nhi\u00ean &amp; Gi\u00e1c ng\u1ed9","date":"26\/12\/2025"},{"id":"fB8TyLTD7EE","title":"RISE (ft. The Glitch Mob, Mako, and The Word Alive) | Worlds 2018 - League of Legends","date":"26\/12\/2025"}]