[{"id":"opt_01","time":"03:45","name":"KHỞI ĐỘNG HỆ THỐNG:\n1. Pate vào lò (180°C - 40p).\n2. Bật bếp xíu mại & xôi.\n3. Bắc nồi nước luộc lớn (Lửa lớn).","status":"pending"},{"id":"opt_02","time":"03:48","name":"LUỘC GIAI ĐOẠN 1 & SƠ CHẾ:\n- Cho CHẢ LỤA vào luộc.\n- Trong lúc đợi: Rửa ngò, chuẩn bị dưa leo, thái hành lá bỏ vào tô.","status":"pending"},{"id":"opt_03","time":"03:53","name":"LUỘC GIAI ĐOẠN 2 & MỠ HÀNH:\n- Cho TRỨNG CÚT vào nồi luộc chung với chả.\n- Đun dầu thật nóng -> Chế vào tô hành lá (Xong mỡ hành).","status":"pending"},{"id":"opt_04","time":"03:57","name":"LUỘC GIAI ĐOẠN 3 & XÀO NẤU:\n- Cho LẠP XƯỞNG vào sau cùng.\n- Vớt bọt xíu mại.\n- Xào chà bông kỹ (Chảo 1).","status":"pending"},{"id":"opt_05","time":"04:02","name":"XÀO GÀ & HOÀN THIỆN XÍU MẠI:\n- Xào gà (dùng tiếp chảo chà bông).\n- Vớt xíu mại ra tô, thêm hành tây, tiêu.","status":"pending"},{"id":"opt_06","time":"04:07","name":"VỚT ĐỒ LUỘC & LÊN QUẦY:\n- Vớt toàn bộ Chả, Trứng, Lạp xưởng.\n- Gom tất cả thành phẩm lên quầy 1 chuyến duy nhất.","status":"pending"},{"id":"opt_07","time":"04:10","name":"DỌN BẾP:\n- Vệ sinh mặt bếp, cất bao bì, rác.\n(Pate nướng xong lúc 04:25 - Tự động tắt).","status":"pending"},{"id":"6951a85775767","time":"04:15","name":"Dắt xe xuống và rửa tay rửa chân, ngủ tầm 1h","status":"pending"}]